"DESCRIPTION","DURATION IN MS","NAME","PARENT SUITE","START TIME","STATUS","STOP TIME","SUB SUITE","SUITE","TEST CLASS","TEST METHOD"
"","502","fetch demo user profile","","Mon Jun 01 19:08:07 UTC 2026","passed","Mon Jun 01 19:08:08 UTC 2026","API automation","api.spec.ts","",""
"","1337","valid login","","Mon Jun 01 19:08:14 UTC 2026","passed","Mon Jun 01 19:08:15 UTC 2026","Login","login.spec.ts","",""
"","1465","submit form successfully","","Mon Jun 01 19:08:11 UTC 2026","passed","Mon Jun 01 19:08:12 UTC 2026","Form submission","form.spec.ts","",""
"","1477","invalid form shows validation error","","Mon Jun 01 19:08:12 UTC 2026","passed","Mon Jun 01 19:08:14 UTC 2026","Form submission","form.spec.ts","",""
"","250","reject invalid contact payload","","Mon Jun 01 19:08:08 UTC 2026","passed","Mon Jun 01 19:08:08 UTC 2026","API automation","api.spec.ts","",""
"","1304","invalid login shows error","","Mon Jun 01 19:08:15 UTC 2026","passed","Mon Jun 01 19:08:16 UTC 2026","Login","login.spec.ts","",""
"","575","fails once for artifacts and passes on rerun","","Mon Jun 01 19:08:10 UTC 2026","passed","Mon Jun 01 19:08:11 UTC 2026","Demo retry flow","demo-rerun.spec.ts","",""
"","241","submit contact payload successfully","","Mon Jun 01 19:08:08 UTC 2026","passed","Mon Jun 01 19:08:08 UTC 2026","API automation","api.spec.ts","",""
"","1437","navigate between sections","","Mon Jun 01 19:08:16 UTC 2026","passed","Mon Jun 01 19:08:18 UTC 2026","Navigation and assertions","navigation.spec.ts","",""
